Var1,FC16p_v_16pGene,FC16p_v_22qGene,FC22q_v_16pGene,FC22q_v_22qGene
PUT,21.2215680932187,9.00811515510446,47.0379419990288,30.7007265226777
PINS_v,30.5611668738124,27.7068555154526,39.0212353894117,31.6179042779119
CERVM,20.6887095336792,16.7029941090689,15.8666800965956,19.2384524320893
THAL,24.867896436037,17.0828590533507,36.5164262526659,31.5266410809599
CER7ab,30.0049404259916,18.9532914767031,35.0168658523878,26.4573850355655
CER5,30.7501311347172,21.3397926581637,24.3757062012453,21.1216837762216
ACcor_d,32.340775553332,30.680937455614,36.6494839717323,26.0349893741961
CAUDNH_NACC,21.2640138800141,19.4469070659209,33.5684938451232,37.5144238745492
TP,27.1072329022726,33.1342743694744,27.8373216091487,19.7065463495812
DMPFcor_p,22.7632396216754,20.1011184485416,33.1349541216276,26.671168721302
R_CERCR2,28.7869753819414,42.9244119005639,49.3888428102836,48.0277613372488
CERCR1,22.3827516187793,17.656687687019,26.4548971724385,28.7797154942246
L_IFsul,17.2921263223243,14.1498367118054,24.437287969255,16.0650094632352
MOTnet_vl,21.2409789977706,14.519896077651,26.0206509970845,18.6549366570486
CER7b,23.0392624216316,23.9261256752929,33.2845379690895,32.3387602669222
FUSgyr_m,20.3748948627257,18.2070754734628,28.9559801119983,30.9402448766843
CAUDN,36.4363074207718,30.1260496264497,36.8380046371927,31.0907546946493
PINS_d,15.5728424399522,14.6407585891421,43.1560244659259,34.3950820152633
PCcor_PRC,18.9383475165612,13.7687781311515,21.19694728509,24.1987833101669
L_IPlob,33.6139635475016,27.9599737075114,28.3676254098352,34.9236215619589
PCcor_d,26.9985560001417,32.9093988553761,43.7458768972012,36.2650994914804
ITgyr,16.7030913630769,18.7906902380125,37.3502500058916,30.0337550176619
SMgyr,31.1590824613273,27.2048500097137,39.7019989931401,27.6401930870605
MTgyr_a,36.5405614842533,31.1163440799632,29.7478466526002,30.2279139658642
AMY_HIPP,24.0468673871489,17.3864594391535,24.6537111799144,22.5170331127672
FEF,23.4150586023858,10.8994893015382,17.2957611903695,11.9363326979696
VISnet_md,32.6241585023393,37.5809387354828,19.5651411681474,19.6032455572988
OCCTgyr_l,14.7770435434116,16.2197607287256,28.4328987191432,28.7502580268215
CER6,27.7882438438799,30.0350781665619,39.8782410171075,38.664263127041
PVISnet_m,24.699450979659,26.9050308140792,20.7596371856032,18.3487058699804
R_IPlob,26.6699904326685,23.3868704054423,38.5376918149424,42.6181250703183
IMsul,33.0242892569824,29.3114492286403,22.842194871442,21.9512843617557
MVISnet_p,28.7817039353694,28.3585830070213,30.1386905748894,22.9066211088317
PGACcor,37.3618604541937,32.526072611934,28.9713506314887,29.9496220195667
MVISnet_a,24.9514830993262,29.4948247642269,14.9003761414289,16.9416204348247
AINS_v_PIsul,26.0775860416062,23.7603467318885,47.9847530807365,45.21009253077
PRC_d,34.0681564409209,28.1598485528835,12.0325849225651,10.1882107915923
LVISnet_a,21.9269827160955,25.6631921730834,15.2231713899695,15.4388279435224
R_MFgyr_p,20.7349768755317,18.9610586102268,23.0712383062833,29.7847875535174
FUSgyr_l,26.2932177690217,20.8575237560189,32.9982198186139,32.2769410731093
ORBcor,17.4801384683821,25.9204451622507,30.4832198334802,34.9071258913334
VMPFcor,24.1373345830296,22.2596051671183,23.9160394893422,21.7788718296352
PVISnet_l,28.616691412567,31.8445555595881,27.2018946620218,14.6500987879359
L_CERCR2,31.0145292704816,37.298460269552,31.121347106014,37.579698785809
MOTnet_m,20.6333599708464,14.6630033337927,24.7421156879495,16.1877749647911
AUDnet,28.8783924282403,22.4169150703661,12.9780639226626,12.276007681234
PCsul,14.9775955967698,14.3303870660458,28.5129833385462,17.9850001913042
CER9,39.7343191083013,35.3440394235126,53.4506457025521,53.294305580633
R_IPsul_PORB,19.4830010094832,12.9598675222908,26.9377693019391,26.7225044785481
VLPFcor,15.0950675273631,13.4637677385111,14.6142338539466,22.3414252175077
AINS_d,21.2632964248185,26.0199280913761,43.5228792326744,55.2098114097849
DMPFcor_a,25.2836111950118,21.75649170955,21.407998397249,32.913843881134
MFgyr_a,21.1308209929498,12.7040543340159,19.6513683929528,25.6909953794903
R_IFsul,15.3363456659313,9.53427739986279,29.400939686807,33.0197446763461
FP_l,21.960844222672,25.4102361773281,18.2822025907772,27.6375819168698
MOTnet_dl,25.878744783647,20.9860483155146,20.6173503378667,13.2119362255544
DVIS,32.5611140875726,29.5334103812883,36.4521816841608,28.8243999963552
POsul,27.1919396367482,24.1841384200887,28.6908843310247,31.681762178829
LVISnet_p,28.3149019338219,32.8529028889481,27.1456763504364,28.220124451865
SMOTcor,26.8390348530536,25.6149495665748,35.6045133877648,34.1113519830195
L_SFgyr_a,15.1886466667938,13.1594281823354,18.3210703110742,25.0226102382379
SPlob,19.4643231046652,18.1660913353891,29.5876459406811,24.5143665646163
L_IPsul_MFgyr_p,8.63414765542522,11.1343532306165,21.2326975369847,16.3566100383932
MTgyr_p,19.3207607169547,19.9877535874781,35.1091175166769,40.2156225655651
